{
  "dataset": "scifact",
  "tiers": [
    {
      "tier": "instant",
      "queries": 100,
      "ndcg_at_10": 0.65595716,
      "mrr_at_10": 0.6184444,
      "recall_at_100": 0.86800003,
      "p50_ms": 3,
      "p95_ms": 5
    },
    {
      "tier": "fast",
      "queries": 100,
      "ndcg_at_10": 0.6777599,
      "mrr_at_10": 0.63945234,
      "recall_at_100": 0.898,
      "p50_ms": 17,
      "p95_ms": 22
    }
  ]
}