{
  "dataset": "scifact",
  "tiers": [
    {
      "tier": "deep",
      "queries": 100,
      "ndcg_at_10": 0.7042002,
      "mrr_at_10": 0.66737306,
      "recall_at_100": 0.83599997,
      "p50_ms": 2568,
      "p95_ms": 2807
    }
  ]
}